time,altitude,velocity,acceleration,thrust,drag
0,0,0,20.838,332.09,0
0.01,0.0010419,0.20838,107.11,1267.4,3.9392e-4
0.02,0.0084825,1.2798,109.67,1294.7,0.0099786
0.03,0.026767,2.3771,111.44,1313.1,0.030832
0.04,0.056112,3.4921,112.07,1319.2,0.062465
0.05,0.096638,4.6134,111.57,1313,0.10438
0.06,0.14835,5.7297,111.07,1306.8,0.15584
0.07,0.21121,6.8409,110.56,1300.6,0.21648
0.08,0.28515,7.9471,110.06,1294.4,0.28598
0.09,0.37012,9.0483,109.55,1288.2,0.36406
0.1,0.46608,10.144,109.04,1282,0.45049
0.11,0.57298,11.235,108.53,1275.8,0.54504
0.12,0.69076,12.321,108.02,1269.6,0.64764
0.13,0.81938,13.402,107.5,1263.5,0.75922
0.14,0.95877,14.477,106.99,1257.3,0.87863
0.15,1.1089,15.548,106.47,1251.1,1.0057
0.16,1.2697,16.613,105.96,1244.9,1.1403
0.17,1.4411,17.673,105.44,1238.7,1.2822
0.18,1.6231,18.728,104.92,1232.5,1.4313
0.19,1.8157,19.778,104.56,1228.1,1.5874
0.2,2.0187,20.824,105.19,1234.2,1.7507
0.21,2.2322,21.876,105.98,1242.1,1.9227
0.22,2.4562,22.937,106.77,1252,2.1039
0.235,2.8123,24.541,108.12,1264.6,2.3928
0.2575,3.3919,26.977,107.64,1254.6,2.8656
0.29125,4.3636,30.606,106.5,1245.3,3.6458
0.34125,6.0274,35.945,107.08,1248.5,4.9578
0.39125,7.9587,41.31,104.72,1221.2,6.4725
0.44125,10.155,46.557,104.65,1218.6,8.1962
0.49125,12.614,51.799,105.08,1221.5,10.161
0.54125,15.336,57.063,105.5,1224.4,12.35
0.59125,18.321,62.346,105.7,1225.3,14.77
0.64125,21.571,67.64,105.54,1222.5,17.418
0.69125,25.085,72.925,105.34,1219.7,20.288
0.74125,28.863,78.199,105.12,1216.9,23.382
0.79125,32.904,83.461,104.72,1212.4,26.699
0.84125,37.208,88.703,104.16,1206.6,30.235
0.89125,41.774,93.917,103.59,1200.9,33.985
0.94125,46.599,99.101,102.98,1195.1,37.948
0.99125,51.683,104.25,102.35,1189.4,42.122
1.0413,57.024,109.38,101.72,1183.8,46.506
1.0913,62.62,114.46,101.19,1179.5,51.099
1.1413,68.47,119.53,100.64,1175.4,55.906
1.1913,74.572,124.56,100.07,1171.3,60.927
1.2413,80.925,129.56,99.396,1166.4,66.161
1.2913,87.528,134.53,98.355,1158.1,71.603
1.3413,94.377,139.45,97.25,1149.4,77.23
1.3913,101.47,144.31,96.119,1140.7,83.037
1.4413,108.81,149.12,94.964,1132.1,89.018
1.4913,116.38,153.86,93.805,1123.6,95.169
1.5413,124.19,158.55,92.68,1115.8,101.48
1.5913,132.24,163.18,91.532,1107.9,107.96
1.6413,140.51,167.75,90.359,1100.1,114.6
1.6913,149.01,172.27,89.163,1092.3,121.4
1.7413,157.73,176.72,87.616,1081.3,128.34
1.7913,166.68,181.09,85.571,1065.6,135.39
1.8413,175.84,185.36,83.692,1051.8,142.51
1.8913,185.21,189.54,82.846,1048.3,149.7
1.9413,194.79,193.68,82.136,1046.2,157.05
1.9913,204.58,197.77,78.478,1015.9,164.56
2.0413,214.57,201.69,70.9,948.12,171.95
2.0913,224.74,205.22,60.442,852.58,178.79
2.1413,235.08,208.24,47.536,733.37,184.75
2.1913,245.55,210.61,37.379,639.96,189.49
2.2413,256.13,212.47,28.024,553.7,193.23
2.2913,266.78,213.87,21.248,491.41,196.02
2.3412,277.5,214.93,14.839,432.17,198.1
2.3912,288.27,215.67,8.6254,374.3,199.51
2.4412,299.06,216.1,2.5847,317.58,200.24
2.4912,309.87,216.23,-3.401,260.86,200.32
2.5412,320.68,216.06,-9.2819,204.58,199.76
2.5912,331.47,215.6,-14.305,155.86,198.55
2.6412,342.23,214.89,-18.986,109.9,196.82
2.6912,352.95,213.94,-22.9,70.733,194.61
2.7412,363.62,212.8,-25.513,43.468,192
2.7912,374.23,211.54,-26.344,32.794,189.15
2.8412,384.77,210.23,-26.982,23.87,186.24
2.8912,395.25,208.88,-27.618,14.947,183.31
2.9412,405.66,207.51,-28.25,6.0233,180.35
2.9912,416,206.11,-28.558,0.13664,177.36
3.0412,426.27,204.69,-28.257,0,174.38
3.0912,436.47,203.28,-27.949,0,171.47
3.1412,446.6,201.89,-27.647,0,168.62
3.1912,456.66,200.52,-27.352,0,165.83
3.2412,466.65,199.16,-27.064,0,163.11
3.2912,476.57,197.81,-26.782,0,160.45
3.3412,486.43,196.48,-26.506,0,157.84
3.3912,496.22,195.16,-26.236,0,155.3
3.4412,505.95,193.85,-25.973,0,152.81
3.4912,515.61,192.56,-25.715,0,150.37
3.5412,525.2,191.28,-25.463,0,147.99
3.5912,534.74,190.02,-25.216,0,145.66
3.6412,544.21,188.76,-24.974,0,143.37
3.6912,553.61,187.52,-24.736,0,141.13
3.7412,562.96,186.29,-24.504,0,138.94
3.7912,572.24,185.07,-24.276,0,136.79
3.8412,581.47,183.86,-24.053,0,134.68
3.8912,590.63,182.66,-23.834,0,132.61
3.9412,599.73,181.48,-23.619,0,130.59
3.9912,608.78,180.3,-23.409,0,128.6
4.0412,617.76,179.14,-23.202,0,126.65
4.0912,626.69,177.98,-23,0,124.74
4.1412,635.56,176.84,-22.801,0,122.86
4.1912,644.37,175.7,-22.606,0,121.02
4.2412,653.13,174.57,-22.414,0,119.21
4.2912,661.83,173.46,-22.226,0,117.43
4.3412,670.48,172.35,-22.041,0,115.69
4.3912,679.07,171.25,-21.86,0,113.98
4.4412,687.6,170.17,-21.682,0,112.3
4.4912,696.08,169.09,-21.507,0,110.65
4.5412,704.51,168.02,-21.336,0,109.03
4.5912,712.88,166.95,-21.167,0,107.43
4.6412,721.21,165.9,-21.001,0,105.87
4.6912,729.47,164.85,-20.838,0,104.33
4.7412,737.69,163.81,-20.678,0,102.82
4.7912,745.86,162.78,-20.521,0,101.33
4.8412,753.97,161.76,-20.366,0,99.87
4.8912,762.03,160.75,-20.214,0,98.434
4.9412,770.04,159.74,-20.064,0,97.022
4.9912,778.01,158.74,-19.917,0,95.633
5.0412,785.92,157.75,-19.773,0,94.267
5.0912,793.78,156.76,-19.63,0,92.924
5.1412,801.6,155.79,-19.49,0,91.602
5.1912,809.36,154.82,-19.353,0,90.302
5.2412,817.08,153.85,-19.217,0,89.023
5.2912,824.75,152.89,-19.084,0,87.765
5.3412,832.37,151.94,-18.953,0,86.526
5.3912,839.94,151,-18.824,0,85.307
5.4412,847.47,150.06,-18.696,0,84.108
5.4912,854.95,149.13,-18.571,0,82.927
5.5412,862.38,148.2,-18.448,0,81.764
5.5912,869.77,147.28,-18.327,0,80.62
5.6412,877.11,146.37,-18.208,0,79.493
5.6912,884.4,145.46,-18.09,0,78.383
5.7412,891.65,144.56,-17.974,0,77.29
5.7912,898.86,143.67,-17.86,0,76.214
5.8412,906.02,142.78,-17.748,0,75.154
5.8912,913.14,141.89,-17.637,0,74.11
5.9412,920.21,141.01,-17.529,0,73.081
5.9912,927.24,140.14,-17.421,0,72.068
6.0412,934.22,139.27,-17.315,0,71.07
6.0912,941.17,138.41,-17.211,0,70.086
6.1412,948.06,137.55,-17.109,0,69.117
6.1912,954.92,136.7,-17.007,0,68.161
6.2412,961.73,135.85,-16.908,0,67.22
6.2912,968.51,135,-16.809,0,66.292
6.3412,975.23,134.17,-16.713,0,65.378
6.3912,981.92,133.33,-16.617,0,64.476
6.4412,988.57,132.5,-16.523,0,63.588
6.4912,995.17,131.68,-16.43,0,62.712
6.5412,1001.7,130.86,-16.339,0,61.849
6.5912,1008.3,130.05,-16.249,0,60.999
6.6412,1014.7,129.24,-16.16,0,60.162
6.6912,1021.2,128.43,-16.073,0,59.336
6.7412,1027.6,127.63,-15.986,0,58.522
6.7912,1033.9,126.83,-15.901,0,57.718
6.8412,1040.3,126.04,-15.817,0,56.926
6.8912,1046.5,125.25,-15.735,0,56.145
6.9412,1052.8,124.47,-15.653,0,55.374
6.9912,1059,123.69,-15.572,0,54.613
7.0412,1065.2,122.91,-15.493,0,53.863
7.0912,1071.3,122.14,-15.414,0,53.123
7.1412,1077.4,121.37,-15.337,0,52.393
7.1912,1083.4,120.6,-15.261,0,51.672
7.2412,1089.4,119.84,-15.185,0,50.961
7.2912,1095.4,119.08,-15.111,0,50.259
7.3412,1101.3,118.33,-15.038,0,49.567
7.3912,1107.2,117.58,-14.965,0,48.884
7.4412,1113.1,116.83,-14.894,0,48.209
7.4912,1118.9,116.09,-14.824,0,47.544
7.5412,1124.7,115.35,-14.754,0,46.887
7.5912,1130.5,114.61,-14.685,0,46.238
7.6412,1136.2,113.88,-14.617,0,45.598
7.6912,1141.8,113.15,-14.551,0,44.966
7.7412,1147.5,112.43,-14.484,0,44.343
7.7912,1153.1,111.7,-14.419,0,43.727
7.8412,1158.7,110.99,-14.355,0,43.119
7.8912,1164.2,110.27,-14.291,0,42.519
7.9412,1169.7,109.56,-14.228,0,41.926
7.9912,1175.1,108.85,-14.167,0,41.341
8.0412,1180.6,108.14,-14.105,0,40.763
8.0912,1186,107.44,-14.045,0,40.193
8.1412,1191.3,106.73,-13.985,0,39.63
8.1912,1196.6,106.04,-13.926,0,39.073
8.2412,1201.9,105.34,-13.868,0,38.524
8.2912,1207.2,104.65,-13.811,0,37.982
8.3412,1212.4,103.96,-13.754,0,37.446
8.3912,1217.6,103.27,-13.698,0,36.917
8.4412,1222.7,102.59,-13.642,0,36.394
8.4912,1227.8,101.91,-13.588,0,35.878
8.5412,1232.9,101.23,-13.534,0,35.368
8.5912,1237.9,100.56,-13.48,0,34.864
8.6412,1243,99.885,-13.428,0,34.367
8.6912,1247.9,99.214,-13.376,0,33.876
8.7412,1252.9,98.547,-13.324,0,33.39
8.7912,1257.8,97.882,-13.273,0,32.911
8.8412,1262.7,97.22,-13.223,0,32.437
8.8912,1267.5,96.56,-13.174,0,31.969
8.9412,1272.3,95.902,-13.125,0,31.507
8.9912,1277.1,95.247,-13.076,0,31.05
9.0412,1281.8,94.595,-13.029,0,30.599
9.0912,1286.6,93.944,-12.981,0,30.154
9.1412,1291.2,93.296,-12.935,0,29.713
9.1912,1295.9,92.651,-12.889,0,29.278
9.2412,1300.5,92.008,-12.843,0,28.848
9.2912,1305.1,91.366,-12.798,0,28.423
9.3412,1309.6,90.728,-12.754,0,28.004
9.3912,1314.2,90.091,-12.71,0,27.589
9.4412,1318.7,89.457,-12.666,0,27.179
9.4913,1323.1,88.824,-12.623,0,26.775
9.5413,1327.5,88.194,-12.581,0,26.374
9.5913,1331.9,87.566,-12.539,0,25.979
9.6413,1336.3,86.94,-12.498,0,25.589
9.6913,1340.6,86.317,-12.457,0,25.203
9.7413,1344.9,85.695,-12.417,0,24.821
9.7913,1349.2,85.075,-12.377,0,24.444
9.8413,1353.4,84.457,-12.337,0,24.072
9.8913,1357.6,83.841,-12.298,0,23.704
9.9413,1361.8,83.227,-12.26,0,23.34
9.9913,1366,82.615,-12.222,0,22.981
10.041,1370.1,82.005,-12.184,0,22.626
10.091,1374.2,81.397,-12.147,0,22.275
10.141,1378.2,80.79,-12.11,0,21.928
10.191,1382.2,80.186,-12.074,0,21.585
10.241,1386.2,79.583,-12.038,0,21.246
10.291,1390.2,78.982,-12.002,0,20.912
10.341,1394.1,78.383,-11.967,0,20.581
10.391,1398,77.785,-11.933,0,20.254
10.441,1401.9,77.189,-11.898,0,19.931
10.491,1405.8,76.595,-11.865,0,19.612
10.541,1409.6,76.003,-11.831,0,19.296
10.591,1413.4,75.412,-11.798,0,18.984
10.641,1417.1,74.823,-11.766,0,18.676
10.691,1420.8,74.236,-11.733,0,18.372
10.741,1424.5,73.65,-11.701,0,18.071
10.791,1428.2,73.066,-11.67,0,17.774
10.841,1431.8,72.483,-11.639,0,17.48
10.891,1435.5,71.902,-11.608,0,17.19
10.941,1439,71.322,-11.578,0,16.903
10.991,1442.6,70.744,-11.548,0,16.619
11.041,1446.1,70.167,-11.518,0,16.339
11.091,1449.6,69.592,-11.489,0,16.062
11.141,1453.1,69.018,-11.46,0,15.789
11.191,1456.5,68.446,-11.431,0,15.518
11.241,1459.9,67.875,-11.403,0,15.251
11.291,1463.3,67.306,-11.375,0,14.988
11.341,1466.6,66.738,-11.347,0,14.727
11.391,1470,66.171,-11.32,0,14.469
11.441,1473.3,65.606,-11.293,0,14.215
11.491,1476.5,65.042,-11.266,0,13.963
11.541,1479.8,64.479,-11.24,0,13.715
11.591,1483,63.918,-11.214,0,13.469
11.641,1486.2,63.358,-11.188,0,13.227
11.691,1489.3,62.799,-11.163,0,12.987
11.741,1492.4,62.241,-11.138,0,12.751
11.791,1495.5,61.685,-11.113,0,12.517
11.841,1498.6,61.13,-11.089,0,12.286
11.891,1501.6,60.576,-11.064,0,12.058
11.941,1504.7,60.024,-11.041,0,11.833
11.991,1507.6,59.472,-11.017,0,11.611
12.041,1510.6,58.922,-10.994,0,11.391
12.091,1513.5,58.373,-10.971,0,11.174
12.141,1516.4,57.825,-10.948,0,10.96
12.191,1519.3,57.278,-10.926,0,10.748
12.241,1522.2,56.732,-10.904,0,10.539
12.291,1525,56.188,-10.882,0,10.333
12.341,1527.8,55.644,-10.86,0,10.129
12.391,1530.6,55.102,-10.839,0,9.9281
12.441,1533.3,54.56,-10.818,0,9.7295
12.491,1536,54.02,-10.797,0,9.5333
12.541,1538.7,53.481,-10.776,0,9.3396
12.591,1541.4,52.942,-10.756,0,9.1484
12.641,1544,52.405,-10.736,0,8.9597
12.691,1546.6,51.869,-10.716,0,8.7734
12.741,1549.2,51.333,-10.697,0,8.5895
12.791,1551.7,50.799,-10.678,0,8.4079
12.841,1554.3,50.265,-10.659,0,8.2288
12.891,1556.8,49.733,-10.64,0,8.052
12.941,1559.2,49.201,-10.622,0,7.8775
12.991,1561.7,48.671,-10.604,0,7.7102
13.041,1564.1,48.141,-10.587,0,7.5477
13.091,1566.5,47.612,-10.57,0,7.3873
13.141,1568.9,47.084,-10.553,0,7.2289
13.191,1571.2,46.557,-10.536,0,7.0725
13.241,1573.5,46.03,-10.52,0,6.9181
13.291,1575.8,45.505,-10.504,0,6.7656
13.341,1578.1,44.98,-10.488,0,6.615
13.391,1580.3,44.456,-10.472,0,6.4664
13.441,1582.5,43.933,-10.457,0,6.3197
13.491,1584.7,43.41,-10.441,0,6.1749
13.541,1586.9,42.889,-10.426,0,6.032
13.591,1589,42.368,-10.411,0,5.891
13.641,1591.1,41.848,-10.396,0,5.7519
13.691,1593.2,41.328,-10.382,0,5.6146
13.741,1595.2,40.809,-10.367,0,5.4792
13.791,1597.3,40.291,-10.353,0,5.3456
13.841,1599.3,39.774,-10.339,0,5.2139
13.891,1601.2,39.257,-10.326,0,5.0839
13.941,1603.2,38.742,-10.312,0,4.9558
13.991,1605.1,38.226,-10.299,0,4.8294
14.041,1607,37.712,-10.285,0,4.7049
14.091,1608.9,37.198,-10.272,0,4.5821
14.141,1610.7,36.684,-10.26,0,4.4611
14.191,1612.5,36.172,-10.247,0,4.3418
14.241,1614.3,35.66,-10.235,0,4.2243
14.291,1616.1,35.148,-10.222,0,4.1085
14.341,1617.9,34.637,-10.21,0,3.9944
14.391,1619.6,34.127,-10.198,0,3.8821
14.441,1621.3,33.618,-10.187,0,3.7715
14.491,1622.9,33.109,-10.175,0,3.6625
14.541,1624.6,32.6,-10.164,0,3.5553
14.591,1626.2,32.092,-10.152,0,3.4498
14.641,1627.8,31.585,-10.141,0,3.3459
14.691,1629.4,31.078,-10.131,0,3.2437
14.741,1630.9,30.572,-10.12,0,3.1431
14.791,1632.4,30.066,-10.11,0,3.0443
14.841,1633.9,29.561,-10.099,0,2.947
14.891,1635.4,29.056,-10.089,0,2.8514
14.941,1636.8,28.552,-10.079,0,2.7575
14.991,1638.2,28.048,-10.069,0,2.6652
15.041,1639.6,27.545,-10.06,0,2.5745
15.091,1641,27.042,-10.05,0,2.4854
15.141,1642.3,26.54,-10.041,0,2.3979
15.191,1643.6,26.038,-10.032,0,2.312
15.241,1644.9,25.537,-10.023,0,2.2278
15.291,1646.2,25.036,-10.014,0,2.1451
15.341,1647.4,24.535,-10.006,0,2.064
15.391,1648.6,24.035,-9.9972,0,1.9845
15.441,1649.8,23.536,-9.989,0,1.9066
15.491,1651,23.036,-9.9809,0,1.8302
15.541,1652.1,22.538,-9.973,0,1.7555
15.591,1653.2,22.039,-9.9652,0,1.6823
15.641,1654.3,21.541,-9.9576,0,1.6106
15.691,1655.4,21.043,-9.9502,0,1.5405
15.741,1656.4,20.546,-9.9429,0,1.472
15.791,1657.5,20.049,-9.9358,0,1.4051
15.841,1658.4,19.552,-9.9289,0,1.3396
15.891,1659.4,19.056,-9.9221,0,1.2758
15.941,1660.4,18.56,-9.9155,0,1.2134
15.991,1661.3,18.065,-9.9091,0,1.1527
16.041,1662.2,17.569,-9.9028,0,1.0934
16.091,1663,17.074,-9.8967,0,1.0357
16.141,1663.9,16.58,-9.8907,0,0.97957
16.191,1664.7,16.085,-9.885,0,0.92495
16.241,1665.5,15.591,-9.8793,0,0.87186
16.291,1666.2,15.097,-9.8739,0,0.82031
16.341,1667,14.604,-9.8686,0,0.77029
16.391,1667.7,14.11,-9.8634,0,0.72181
16.441,1668.4,13.617,-9.8585,0,0.67519
16.491,1669.1,13.125,-9.8537,0,0.63025
16.541,1669.7,12.632,-9.8491,0,0.5868
16.591,1670.3,12.14,-9.8447,0,0.54484
16.641,1670.9,11.648,-9.8404,0,0.50436
16.691,1671.5,11.156,-9.8363,0,0.46538
16.741,1672,10.664,-9.8323,0,0.4279
16.791,1672.6,10.172,-9.8285,0,0.39191
16.841,1673.1,9.6811,-9.8248,0,0.35743
16.891,1673.5,9.1899,-9.8213,0,0.32446
16.941,1674,8.6989,-9.818,0,0.29301
16.991,1674.4,8.2081,-9.8148,0,0.26308
17.041,1674.8,7.7175,-9.8118,0,0.23468
17.091,1675.2,7.2269,-9.809,0,0.20781
17.141,1675.5,6.7366,-9.8063,0,0.1825
17.191,1675.8,6.2463,-9.8038,0,0.15874
17.241,1676.1,5.7562,-9.8014,0,0.13655
17.291,1676.4,5.2662,-9.7992,0,0.11595
17.341,1676.7,4.7762,-9.7972,0,0.096938
17.391,1676.9,4.2864,-9.7954,0,0.079545
17.441,1677.1,3.7967,-9.7937,0,0.063786
17.491,1677.3,3.3071,-9.7922,0,0.049684
17.541,1677.4,2.8175,-9.7909,0,0.037268
17.591,1677.6,2.328,-9.7898,0,0.026569
17.641,1677.7,1.8385,-9.7888,0,0.017625
17.691,1677.7,1.3491,-9.7881,0,0.010484
17.741,1677.8,0.85969,-9.7875,0,0.0051615
17.791,1677.8,0.37032,-9.7871,0,0.0013885
17.841,1677.8,-0.11903,-9.787,0,-1.2416e-4
17.891,1677.8,-0.60837,-9.7867,0,-0.003138
17.945,1677.8,-1.1328,-9.7842,0,0.027267
17.996,1677.7,-1.6328,-9.7782,0,0.083785
18.047,1677.6,-2.1328,-9.7688,0,0.17231
18.098,1677.5,-2.6328,-9.7561,0,0.29285
18.15,1677.3,-3.1328,-9.7399,0,0.44541
18.201,1677.2,-3.6328,-9.7204,0,0.62997
18.253,1677,-4.1328,-9.6974,0,0.84656
18.304,1676.7,-4.6328,-9.6711,0,1.0952
18.356,1676.5,-5.1328,-9.6414,0,1.3758
18.408,1676.2,-5.6328,-9.6083,0,1.6885
18.461,1675.9,-6.1328,-9.5718,0,2.0332
18.513,1675.6,-6.6328,-9.5319,0,2.4099
18.566,1675.2,-7.1328,-9.4886,0,2.8187
18.619,1674.8,-7.6328,-9.4419,0,3.2595
18.672,1674.4,-8.1328,-9.3918,0,3.7324
18.725,1673.9,-8.6328,-9.3384,0,4.2374
18.779,1673.5,-9.1328,-9.2815,0,4.7744
18.834,1672.9,-9.6328,-9.2212,0,5.3436
18.888,1672.4,-10.133,-9.1576,0,5.9448
18.943,1671.8,-10.633,-9.0905,0,6.5781
18.999,1671.2,-11.133,-9.02,0,7.2436
19.054,1670.6,-11.633,-8.9461,0,7.9412
19.111,1669.9,-12.133,-8.8689,0,8.6709
19.168,1669.2,-12.633,-8.7882,0,9.4328
19.225,1668.5,-13.133,-8.7041,0,10.227
19.283,1667.7,-13.633,-8.6166,0,11.053
19.342,1666.9,-14.133,-8.5257,0,11.912
19.401,1666,-14.633,-8.4314,0,12.802
19.461,1665.1,-15.133,-8.3336,0,13.725
19.522,1664.2,-15.633,-8.2325,0,14.68
19.583,1663.2,-16.133,-8.1279,0,15.668
19.646,1662.2,-16.633,-8.0199,0,16.687
19.709,1661.1,-17.133,-7.9085,0,17.74
19.773,1660,-17.633,-7.7937,0,18.824
19.838,1658.9,-18.133,-7.6754,0,19.941
19.904,1657.6,-18.633,-7.5537,0,21.09
19.972,1656.4,-19.133,-7.4286,0,22.272
20.04,1655,-19.633,-7.3,0,23.486
20.11,1653.7,-20.133,-7.168,0,24.733
20.181,1652.2,-20.633,-7.0325,0,26.012
20.254,1650.7,-21.133,-6.8936,0,27.324
20.328,1649.1,-21.633,-6.7512,0,28.668
20.403,1647.5,-22.133,-6.6054,0,30.046
20.481,1645.7,-22.633,-6.4561,0,31.456
20.56,1643.9,-23.133,-6.3033,0,32.898
20.642,1642,-23.633,-6.147,0,34.374
20.725,1640,-24.133,-5.9872,0,35.883
20.811,1637.9,-24.633,-5.824,0,37.424
20.899,1635.7,-25.133,-5.6572,0,38.999
20.99,1633.4,-25.633,-5.487,0,40.607
21.085,1631,-26.133,-5.3132,0,42.248
21.182,1628.4,-26.633,-5.1358,0,43.923
21.283,1625.7,-27.133,-4.9549,0,45.631
21.388,1622.8,-27.633,-4.7704,0,47.373
21.497,1619.8,-28.133,-4.5824,0,49.149
21.611,1616.5,-28.633,-4.3907,0,50.959
21.73,1613.1,-29.133,-4.1955,0,52.803
21.855,1609.4,-29.633,-3.9965,0,54.682
21.987,1605.5,-30.133,-3.7939,0,56.595
22.126,1601.3,-30.633,-3.5876,0,58.544
22.274,1596.7,-31.133,-3.3775,0,60.528
22.432,1591.7,-31.633,-3.1636,0,62.547
22.602,1586.3,-32.133,-2.9459,0,64.604
22.785,1580.4,-32.633,-2.7242,0,66.697
22.985,1573.8,-33.133,-2.4985,0,68.829
23.206,1566.4,-33.633,-2.2686,0,71
23.452,1558.1,-34.133,-2.0344,0,73.211
23.73,1548.5,-34.633,-1.7958,0,75.465
24.052,1537.3,-35.133,-1.5523,0,77.764
24.436,1523.7,-35.633,-1.3036,0,80.113
24.912,1506.6,-36.132,-1.049,0,82.517
25.412,1488.5,-36.526,-0.78731,0,84.989
25.912,1470.1,-36.813,-0.57344,0,87.009
26.412,1451.7,-37.018,-0.41073,0,88.546
26.912,1433.1,-37.162,-0.28803,0,89.706
27.412,1414.5,-37.26,-0.19598,0,90.575
27.912,1395.9,-37.324,-0.1272,0,91.225
28.412,1377.2,-37.362,-0.07597,0,91.71
28.912,1358.5,-37.381,-0.037927,0,92.07
29.412,1339.8,-37.386,-0.0097453,0,92.336
29.912,1321.1,-37.38,0.01108,0,92.533
30.412,1302.4,-37.367,0.026431,0,92.679
30.912,1283.8,-37.348,0.037714,0,92.786
31.412,1265.1,-37.325,0.045979,0,92.865
31.912,1246.4,-37.299,0.052007,0,92.922
32.412,1227.8,-37.271,0.056379,0,92.964
32.912,1209.2,-37.241,0.059526,0,92.994
33.412,1190.6,-37.21,0.061768,0,93.016
33.912,1172,-37.178,0.06334,0,93.031
34.412,1153.4,-37.146,0.06442,0,93.042
34.912,1134.8,-37.114,0.065136,0,93.049
35.412,1116.3,-37.081,0.065584,0,93.054
35.912,1097.7,-37.048,0.065835,0,93.057
36.412,1079.2,-37.015,0.065941,0,93.058
36.912,1060.7,-36.982,0.065941,0,93.059
37.412,1042.2,-36.949,0.065863,0,93.059
37.912,1023.8,-36.916,0.065729,0,93.058
38.412,1005.3,-36.883,0.065554,0,93.057
38.912,986.89,-36.851,0.065349,0,93.056
39.412,968.47,-36.818,0.065891,0,93.061
39.912,950.07,-36.785,0.066519,0,93.068
40.412,931.69,-36.751,0.066898,0,93.072
40.912,913.32,-36.718,0.067093,0,93.074
41.412,894.97,-36.684,0.067154,0,93.075
41.912,876.64,-36.65,0.067117,0,93.075
42.412,858.32,-36.617,0.067009,0,93.075
42.912,840.02,-36.584,0.06685,0,93.074
43.412,821.74,-36.55,0.066653,0,93.073
43.912,803.47,-36.517,0.066429,0,93.071
44.412,785.22,-36.484,0.066186,0,93.069
44.912,766.98,-36.451,0.06593,0,93.067
45.412,748.77,-36.418,0.065664,0,93.065
45.912,730.57,-36.385,0.065393,0,93.063
46.412,712.38,-36.353,0.065117,0,93.061
46.912,694.21,-36.32,0.064839,0,93.059
47.412,676.06,-36.288,0.06456,0,93.057
47.912,657.93,-36.256,0.064281,0,93.055
48.412,639.81,-36.224,0.064003,0,93.053
48.912,621.7,-36.192,0.063725,0,93.051
49.412,603.61,-36.16,0.063448,0,93.049
49.912,585.54,-36.129,0.063172,0,93.047
50.412,567.48,-36.097,0.062899,0,93.045
50.912,549.44,-36.066,0.062626,0,93.043
51.412,531.42,-36.035,0.062356,0,93.041
51.912,513.41,-36.004,0.062087,0,93.039
52.412,495.41,-35.973,0.061821,0,93.037
52.912,477.44,-35.942,0.061819,0,93.037
53.412,459.47,-35.911,0.062511,0,93.044
53.912,441.53,-35.879,0.062938,0,93.049
54.412,423.59,-35.848,0.063172,0,93.051
54.912,405.68,-35.816,0.063265,0,93.053
55.412,387.78,-35.784,0.063257,0,93.053
55.912,369.89,-35.753,0.063175,0,93.053
56.412,352.02,-35.721,0.063041,0,93.052
56.912,334.17,-35.69,0.062868,0,93.051
57.412,316.33,-35.659,0.062669,0,93.05
57.912,298.51,-35.627,0.06245,0,93.048
58.412,280.71,-35.596,0.062218,0,93.047
58.912,262.92,-35.565,0.061977,0,93.045
59.412,245.14,-35.534,0.06173,0,93.043
59.912,227.38,-35.504,0.061479,0,93.041
60.412,209.64,-35.473,0.061226,0,93.039
60.912,191.91,-35.443,0.060971,0,93.037
61.412,174.2,-35.412,0.060716,0,93.035
61.414,174.14,-34.912,321.17,0,3125.2
61.415,174.09,-34.412,311.89,0,3037.6
61.417,174.03,-33.912,302.74,0,2951.3
61.419,173.97,-33.412,293.73,0,2866.1
61.42,173.91,-32.912,284.84,0,2782.3
61.422,173.85,-32.412,276.09,0,2699.6
61.424,173.79,-31.912,267.48,0,2618.2
61.426,173.73,-31.412,258.99,0,2538.1
61.428,173.67,-30.912,250.63,0,2459.2
61.43,173.61,-30.412,242.41,0,2381.5
61.432,173.54,-29.912,234.32,0,2305.1
61.434,173.48,-29.412,226.36,0,2230
61.437,173.41,-28.912,218.53,0,2156.1
61.439,173.34,-28.412,210.84,0,2083.4
61.442,173.27,-27.912,203.27,0,2012
61.444,173.2,-27.412,195.84,0,1941.8
61.447,173.13,-26.912,188.54,0,1872.9
61.45,173.06,-26.412,181.37,0,1805.2
61.452,172.98,-25.912,174.34,0,1738.7
61.455,172.91,-25.412,167.43,0,1673.5
61.459,172.83,-24.912,160.66,0,1609.6
61.462,172.75,-24.412,154.02,0,1546.9
61.465,172.67,-23.912,147.51,0,1485.4
61.469,172.58,-23.412,141.14,0,1425.2
61.472,172.5,-22.912,134.89,0,1366.2
61.476,172.41,-22.412,128.78,0,1308.5
61.48,172.32,-21.912,122.8,0,1252
61.485,172.22,-21.412,116.95,0,1196.8
61.489,172.13,-20.912,111.23,0,1142.8
61.494,172.03,-20.412,105.65,0,1090.1
61.499,171.93,-19.912,100.19,0,1038.6
61.504,171.83,-19.412,94.873,0,988.35
61.51,171.72,-18.912,89.684,0,939.35
61.516,171.61,-18.412,84.626,0,891.59
61.522,171.5,-17.912,79.701,0,845.08
61.529,171.38,-17.412,74.907,0,799.81
61.536,171.26,-16.912,70.245,0,755.79
61.543,171.13,-16.412,65.716,0,713.02
61.551,171,-15.912,61.318,0,671.49
61.56,170.86,-15.412,57.052,0,631.21
61.57,170.72,-14.912,52.918,0,592.17
61.58,170.57,-14.412,48.916,0,554.38
61.591,170.41,-13.912,45.046,0,517.83
61.603,170.25,-13.412,41.308,0,482.53
61.616,170.07,-12.912,37.702,0,448.48
61.631,169.89,-12.412,34.227,0,415.67
61.647,169.69,-11.912,30.885,0,384.11
61.665,169.48,-11.412,27.674,0,353.79
61.686,169.25,-10.912,24.596,0,324.72
61.709,169,-10.412,21.649,0,296.9
61.735,168.73,-9.9122,18.835,0,270.32
61.766,168.44,-9.4122,16.152,0,244.99
61.803,168.1,-8.9122,13.602,0,220.9
61.848,167.71,-8.4122,11.183,0,198.06
61.904,167.25,-7.9122,8.8961,0,176.47
61.978,166.68,-7.4122,6.7413,0,156.12
62.084,165.93,-6.9122,4.7186,0,137.02
62.261,164.75,-6.4122,2.8279,0,119.17
62.728,161.87,-5.9122,1.0695,0,102.56
63.228,158.84,-6.1901,-0.55579,0,87.215
63.728,155.79,-6.0222,0.33576,0,95.634
64.228,152.75,-6.1239,-0.20334,0,90.543
64.728,149.71,-6.0609,0.126,0,93.653
65.228,146.67,-6.098,-0.074201,0,91.763
65.728,143.62,-6.074,0.047966,0,92.916
66.228,140.58,-6.0873,-0.026463,0,92.214
66.728,137.54,-6.0778,0.018954,0,92.643
67.228,134.5,-6.0822,-0.0087527,0,92.381
67.728,131.46,-6.0781,0.0081607,0,92.541
68.228,128.42,-6.0792,-0.0021683,0,92.443
68.728,125.38,-6.0771,0.0041399,0,92.503
69.228,122.34,-6.0769,2.8299e-4,0,92.467
69.728,119.31,-6.0756,0.0026389,0,92.489
70.228,116.27,-6.075,0.0011961,0,92.475
70.728,113.23,-6.074,0.0020768,0,92.484
71.228,110.19,-6.0732,0.0015358,0,92.479
71.728,107.16,-6.0723,0.0018651,0,92.482
72.228,104.12,-6.0715,0.0016614,0,92.48
72.728,101.09,-6.0706,0.0017842,0,92.481
73.228,98.051,-6.0697,0.0017069,0,92.481
73.728,95.017,-6.0688,0.0017523,0,92.481
74.228,91.983,-6.068,0.0017225,0,92.481
74.728,88.949,-6.0671,0.0017388,0,92.481
75.228,85.915,-6.0662,0.0017268,0,92.481
75.728,82.883,-6.0654,0.0017322,0,92.482
76.228,79.85,-6.0645,0.0017269,0,92.482
76.728,76.818,-6.0637,0.0017282,0,92.482
77.228,73.786,-6.0628,0.0017254,0,92.482
77.728,70.755,-6.0619,0.0017251,0,92.482
78.228,67.724,-6.0611,0.0017233,0,92.482
78.728,64.694,-6.0602,0.0017225,0,92.482
79.228,61.664,-6.0593,0.001721,0,92.482
79.728,58.635,-6.0585,0.0017199,0,92.482
80.228,55.606,-6.0576,0.0017186,0,92.482
80.728,52.577,-6.0568,0.0017175,0,92.482
81.228,49.549,-6.0559,0.0017162,0,92.482
81.728,46.521,-6.055,0.001715,0,92.482
82.228,43.494,-6.0542,0.0017138,0,92.482
82.728,40.467,-6.0533,0.0017126,0,92.483
83.228,37.441,-6.0525,0.0017114,0,92.483
83.728,34.415,-6.0516,0.0017102,0,92.483
84.228,31.389,-6.0508,0.001709,0,92.483
84.728,28.364,-6.0499,0.0017078,0,92.483
85.228,25.339,-6.0491,0.0017066,0,92.483
85.728,22.315,-6.0482,0.0017054,0,92.483
86.228,19.291,-6.0474,0.0017042,0,92.483
86.728,16.267,-6.0465,0.001703,0,92.483
87.228,13.244,-6.0457,0.0017018,0,92.483
87.728,10.222,-6.0448,0.0017006,0,92.483
88.228,7.1996,-6.044,0.0016994,0,92.483
88.728,4.1778,-6.0431,0.0016982,0,92.483
89.228,1.1565,-6.0423,0.001697,0,92.484
89.728,-1.8644,-6.0414,0.0016958,0,92.484
